City,Cloudiness,Country,Date,Humidity,Lat,Lng,Max Temp,Wind Speed
klaksvik,8,FO,1551324000,100,62.23,-6.59,33.8,1.12
hollola,76,FI,1551326660,92,60.99,25.5,35.01,5.01
sumbe,92,AO,1551326668,100,-11.2,13.84,76.83,7.65
new norfolk,0,AU,1551326240,49,-42.78,147.06,75.99,9.17
hasaki,90,JP,1551325777,100,35.73,140.83,48.2,3.36
tuktoyaktuk,20,CA,1551322800,77,69.44,-133.03,-2.21,13.87
kapaa,75,US,1551326011,56,22.08,-159.32,73.4,23.04
rikitea,0,PF,1551326281,100,-23.12,-134.97,80.12,6.2
san angelo,90,US,1551322260,53,31.46,-100.44,39.2,11.41
mataura,80,NZ,1551325805,69,-46.19,168.86,55.99,11.01
ushuaia,75,AR,1551322800,81,-54.81,-68.31,48.2,16.11
barguzin,12,RU,1551326680,55,53.62,109.63,28.23,2.73
vaini,0,IN,1551322800,45,15.34,74.49,71.6,2.24
ostrovnoy,76,RU,1551326386,86,68.05,39.51,18.02,8.99
manaure,0,CO,1551326674,91,11.78,-72.45,77.69,23.53
puerto colombia,0,CO,1551326430,78,10.99,-74.96,77.0,13.87
cortez,90,US,1551326321,64,37.35,-108.58,39.2,1.72
saskylakh,36,RU,1551326314,56,71.97,114.09,-20.06,3.18
sao joao da barra,48,BR,1551326416,96,-21.64,-41.05,82.68,15.82
sioux lookout,40,CA,1551325080,71,50.1,-91.92,3.2,6.93
antalaha,92,MG,1551326324,100,-14.9,50.28,75.03,6.53
inirida,0,CO,1551326692,77,3.87,-67.92,76.7,1.83
cabadiangan,20,PH,1551322800,51,10.45,123.98,86.0,10.29
hithadhoo,92,MV,1551326371,100,-0.6,73.08,82.14,8.77
ambilobe,68,MG,1551326310,94,-13.19,49.05,72.92,1.16
victoria,75,BN,1551322800,83,5.28,115.24,84.2,6.93
vila franca do campo,75,PT,1551322800,100,37.72,-25.43,60.8,12.75
katsuura,90,JP,1551325340,93,33.93,134.5,48.99,8.05
lasa,75,CY,1551325516,81,34.92,32.53,51.8,12.75
puerto ayora,36,EC,1551326291,100,-0.74,-90.35,81.02,4.97
sitka,8,US,1551325688,81,37.17,-99.65,10.99,1.99
kropotkin,88,RU,1551326704,97,45.43,40.58,30.48,6.42
provideniya,88,RU,1551326329,95,64.42,-173.23,32.28,24.54
puebloviejo,75,CO,1551322800,61,10.99,-74.28,82.4,9.17
emba,75,CY,1551325516,81,34.81,32.42,51.8,12.75
port elizabeth,90,US,1551326302,100,39.31,-74.98,39.0,4.7
hermanus,20,ZA,1551325611,74,-34.42,19.24,66.99,8.01
coquimbo,20,CL,1551322800,87,-29.95,-71.34,60.8,8.05
hobart,0,AU,1551326115,49,-42.88,147.33,75.99,9.17
albany,90,US,1551326251,72,42.65,-73.75,17.6,4.7
annau,90,TM,1551322800,57,37.89,58.52,51.8,11.41
abu dhabi,0,AE,1551322800,64,24.47,54.37,69.8,8.05
caravelas,92,BR,1551326324,100,-17.73,-39.27,83.58,17.27
hilo,90,US,1551326251,60,19.71,-155.08,71.6,13.87
upernavik,0,GL,1551326332,100,72.79,-56.15,5.51,23.31
atuona,20,PF,1551326304,100,-9.8,-139.03,81.33,6.42
mugango,32,TZ,1551326727,90,-1.69,33.7,70.85,7.65
harur,8,IN,1551326728,89,12.06,78.48,74.04,3.96
kodiak,1,US,1551326319,47,39.95,-94.76,14.0,5.82
aguimes,40,ES,1551326575,72,27.91,-15.45,62.6,12.75
baturaja,92,ID,1551326731,87,-4.12,104.17,79.4,4.41
college,1,US,1551326408,78,64.86,-147.8,19.99,2.73
pinas,0,FR,1551326661,71,43.12,0.44,50.0,6.93
salalah,40,OM,1551322200,73,17.01,54.1,73.4,3.36
busselton,88,AU,1551326277,24,-33.64,115.35,86.0,10.89
luderitz,0,NA,1551326326,76,-26.65,15.16,60.95,17.72
sabha,0,LY,1551326332,62,27.03,14.43,45.78,10.89
ngunguru,0,NZ,1551326593,51,-35.62,174.5,73.0,11.99
nikolskoye,75,RU,1551326170,80,59.7,30.79,36.0,8.95
bredasdorp,88,ZA,1551325587,68,-34.53,20.04,66.99,10.29
ahipara,0,NZ,1551322697,59,-35.17,173.16,78.01,1.01
juneau,20,US,1551322560,80,58.3,-134.42,33.8,2.39
yilan,75,TW,1551326524,93,24.75,121.75,73.99,14.99
mantenopolis,68,BR,1551326748,72,-18.86,-41.12,78.81,8.55
carnarvon,0,ZA,1551326304,53,-30.97,22.13,48.71,3.4
abu kamal,36,SY,1551326750,71,34.45,40.92,48.39,13.8
east london,0,ZA,1551322800,63,-33.02,27.91,60.8,10.29
avarua,32,CK,1551322800,70,-21.21,-159.78,84.2,11.41
svirstroy,92,RU,1551326754,95,60.8,33.72,31.11,7.31
necochea,88,AR,1551325896,63,-38.55,-58.74,59.0,4.0
punta arenas,90,CL,1551326114,87,-53.16,-70.91,50.0,12.75
bluff,32,AU,1551326293,35,-23.58,149.07,88.26,11.01
ilulissat,0,GL,1551322200,42,69.22,-51.1,28.4,12.75
pevek,0,RU,1551326309,68,69.7,170.27,1.68,4.18
nanortalik,36,GL,1551326309,92,60.14,-45.24,34.13,21.74
songea,40,TZ,1551322800,93,-10.68,35.65,64.4,1.95
arman,36,RU,1551326417,62,59.7,150.17,5.69,4.41
ca mau,0,VN,1551326587,67,9.18,105.15,86.33,12.68
aksarka,68,RU,1551326018,84,66.56,67.8,2.45,16.82
buchanan,20,LR,1551322800,94,5.88,-10.05,75.2,7.87
port lincoln,0,AU,1551326384,81,-34.72,135.86,76.34,6.31
barrow,48,AR,1551326284,84,-38.31,-60.23,54.02,5.19
arawa,92,NG,1551326772,95,7.05,3.9,75.26,2.62
dikson,56,RU,1551326310,89,73.51,80.55,-1.56,33.6
sao miguel do araguaia,8,BR,1551326374,92,-13.28,-50.16,74.27,2.73
imbituba,75,BR,1551322800,94,-28.24,-48.67,69.8,6.93
havoysund,40,NO,1551322200,67,71.0,24.66,21.2,24.16
chokurdakh,76,RU,1551326283,67,70.62,147.9,-9.62,14.14
ushtobe,32,KZ,1551326780,67,45.25,77.98,30.08,5.08
lang suan,0,TH,1551322800,62,9.95,99.07,86.0,14.99
cayenne,68,GF,1551324600,69,4.94,-52.33,78.8,8.05
iracoubo,100,GF,1551326786,73,5.48,-53.21,77.73,6.76
fairview,90,US,1551326782,68,40.81,-74.0,32.0,8.21
jamestown,0,AU,1551326289,79,-33.21,138.6,83.94,8.21
port blair,40,IN,1551322800,62,11.67,92.75,86.0,9.17
pisco,0,PE,1551322800,78,-13.71,-76.2,73.4,8.05
dwarka,20,IN,1551322800,93,28.58,77.04,51.8,3.96
port alfred,0,ZA,1551326211,71,-33.59,26.89,63.0,4.0
torbay,40,CA,1551326308,67,47.66,-52.73,23.0,38.03
belyy yar,0,RU,1551322800,68,53.6,91.39,28.4,3.4
saint-philippe,90,CA,1551326216,65,45.36,-73.48,7.0,2.73
yulara,0,AU,1551322800,7,-25.24,130.99,102.2,14.99
high rock,76,BS,1551326800,100,26.63,-78.28,74.63,10.89
caucaia,75,BR,1551326302,78,-3.73,-38.66,81.0,0.72
ariquemes,48,BR,1551326803,97,-9.91,-63.03,71.66,2.06
shimoda,75,JP,1551326111,93,34.7,138.93,50.0,12.75
lebu,0,ET,1551326340,75,8.96,38.73,37.23,2.73
karratha,12,AU,1551326110,44,-20.74,116.85,95.42,8.66
kaspiyskiy,92,RU,1551326808,93,45.39,47.37,31.11,1.83
rawson,24,AR,1551326345,75,-43.3,-65.11,54.33,8.88
khudumelapye,0,BW,1551326812,86,-23.91,24.95,61.71,2.95
nome,90,US,1551326315,94,30.04,-94.42,68.0,5.41
san francisco,90,US,1551326727,87,37.78,-122.42,53.01,8.05
vanavara,88,RU,1551326328,86,60.35,102.28,22.56,6.31
yar-sale,68,RU,1551326818,78,66.83,70.83,1.59,19.62
energetik,32,RU,1551326819,63,51.74,58.8,-0.39,7.31
tiksi,0,RU,1551326062,68,71.64,128.87,-10.07,9.22
cape town,75,ZA,1551326167,77,-33.93,18.42,64.99,6.93
lagoa,0,PT,1551326230,87,37.14,-8.45,54.0,3.36
berlevag,76,NO,1551326361,100,70.86,29.09,23.33,15.48
sorland,80,NO,1551326826,100,67.67,12.69,37.68,22.75
obo,56,CF,1551326827,95,5.39,26.49,66.35,3.18
giyani,92,ZA,1551326829,95,-23.32,30.73,70.89,6.2
pangnirtung,0,CA,1551326358,62,66.15,-65.72,-14.07,4.52
baykit,68,RU,1551326314,85,61.68,96.39,17.75,6.53
siruguppa,0,IN,1551326833,37,15.63,76.89,70.89,6.76
namatanai,68,PG,1551326602,100,-3.66,152.44,80.79,6.64
norman wells,20,CA,1551322800,72,65.28,-126.83,17.6,6.93
mnisek pod brdy,0,CZ,1551326729,79,49.87,14.26,46.4,18.34
geraldton,5,CA,1551322800,77,49.72,-86.95,1.4,6.93
makat,76,KZ,1551326840,99,47.65,53.35,20.18,2.95
esperance,20,TT,1551325808,94,10.24,-61.45,75.2,5.82
sabzevar,48,IR,1551326843,98,36.21,57.68,38.18,4.97
castro,0,CL,1551322800,87,-42.48,-73.76,51.8,6.93
sibolga,92,ID,1551326684,100,1.74,98.78,72.96,1.05
elur,36,IN,1551322800,74,10.07,76.3,82.4,5.82
wattegama,36,LK,1551326847,91,7.35,80.68,75.39,3.85
leningradskiy,20,RU,1551326376,82,69.38,178.42,17.43,13.47
serdobsk,76,RU,1551326850,92,52.46,44.21,23.19,8.55
livingston,40,US,1551325693,82,32.58,-88.19,68.0,4.7
qasigiannguit,0,GL,1551322200,42,68.82,-51.19,28.4,12.75
pacific grove,90,US,1551326334,100,36.62,-121.92,57.2,8.05
kruisfontein,0,ZA,1551326313,76,-34.0,24.73,63.11,16.26
mar del plata,92,AR,1551326303,72,-46.43,-67.52,57.71,7.2
acajutla,0,SV,1551326747,74,13.59,-89.83,71.01,2.62
hofn,92,IS,1551326372,100,64.25,-15.21,37.64,8.1
buta,48,CD,1551326859,97,2.79,24.73,71.88,2.17
cidreira,48,BR,1551326329,96,-30.17,-50.22,66.71,5.41
aklavik,20,CA,1551322800,66,68.22,-135.01,12.2,9.17
bilma,0,NE,1551326285,67,18.69,12.92,51.77,3.4
yarada,20,IN,1551322800,69,17.65,83.27,82.4,9.17
lorengau,68,PG,1551326302,100,-2.02,147.27,81.74,4.18
valle de allende,100,MX,1551326868,27,26.94,-105.39,65.76,6.64
husavik,24,CA,1551326086,77,50.56,-96.99,12.0,8.99
sulangan,0,PH,1551326871,99,11.14,123.72,79.94,12.24
thompson,40,CA,1551322800,84,55.74,-97.86,5.0,4.7
namibe,48,AO,1551326369,100,-15.19,12.15,77.24,3.29
kroonstad,0,ZA,1551326875,67,-27.65,27.24,54.11,2.84
dzilam gonzalez,0,MX,1551326877,55,21.28,-88.93,81.06,7.65
xining,64,CN,1551326878,64,36.62,101.77,21.93,2.62
parana,90,BR,1551322800,94,-7.52,-72.89,75.2,9.17
kysyl-syr,64,RU,1551326881,75,63.9,122.77,4.88,3.74
los llanos de aridane,90,ES,1551324600,59,28.66,-17.92,64.4,6.93
longyearbyen,20,NO,1551322200,65,78.22,15.63,3.2,12.75
inverness,76,GB,1551326706,100,57.48,-4.23,41.0,5.75
sungairaya,64,ID,1551326889,93,0.7,108.9,81.11,4.63
vanimo,0,PG,1551326370,100,-2.67,141.3,79.89,6.76
alyangula,75,AU,1551322800,66,-13.85,136.42,89.6,8.05
qaanaaq,0,GL,1551326621,85,77.48,-69.36,-20.01,4.63
yakeshi,0,CN,1551326424,62,49.28,120.73,24.81,8.66
wote,20,KE,1551326896,86,-1.78,37.63,61.13,2.95
cintalapa,0,MX,1551326898,86,16.7,-93.73,64.28,3.4
georgetown,0,GY,1551322800,88,6.8,-58.16,75.2,4.7
gizo,75,IL,1551326419,76,31.8,34.94,57.2,12.75
kuala lumpur,75,MY,1551324600,62,3.15,101.71,91.0,2.24
kudahuvadhoo,56,MV,1551326903,100,2.67,72.89,82.1,5.41
hambantota,75,LK,1551323400,100,6.12,81.12,78.8,2.24
oranjemund,0,ZA,1551326905,93,-28.55,16.43,63.2,23.53
mount gambier,0,AU,1551322800,20,-37.83,140.78,93.2,6.93
laksham,68,BD,1551326907,97,23.25,91.14,66.26,6.87
port huron,1,US,1551326837,92,42.98,-82.44,19.0,4.7
saldanha,36,PT,1551326910,77,41.42,-6.55,32.01,2.73
ciudad bolivar,8,VE,1551326911,52,8.12,-63.55,82.82,17.05
kaitangata,80,NZ,1551326877,55,-46.28,169.85,57.0,10.0
guerrero negro,0,MX,1551326343,92,27.97,-114.04,56.27,11.23
cabedelo,20,BR,1551322800,94,-6.97,-34.84,77.0,3.36
moron,88,VE,1551326374,95,10.49,-68.2,67.52,2.95
matay,0,EG,1551326891,71,28.42,30.79,46.73,9.44
arraial do cabo,88,BR,1551326863,95,-22.97,-42.02,79.58,5.75
koboko,76,UG,1551326919,53,3.41,30.96,70.08,2.73
denpasar,20,ID,1551324600,84,-8.65,115.22,86.0,8.05
sarany,76,RU,1551326922,86,58.55,58.76,16.31,8.55
harper,1,US,1551326115,71,30.3,-99.24,66.99,9.17
quime,76,BO,1551326924,99,-16.98,-67.22,49.61,1.05
ponta pora,20,BR,1551326925,95,-22.54,-55.73,66.44,2.73
campos gerais,36,BR,1551326926,94,-21.23,-45.76,65.9,1.39
tarko-sale,0,RU,1551326812,78,64.92,77.78,-17.0,3.0
marzuq,0,YE,1551326929,79,14.4,46.47,46.28,2.62
constitucion,75,MX,1551322140,13,23.99,-104.67,66.2,9.17
havelock,75,US,1551326379,87,34.88,-76.9,62.6,5.41
yichang,36,CN,1551326933,97,30.77,111.32,48.98,3.74
tiznit,0,MA,1551326935,90,29.7,-9.73,50.42,2.73
samarai,68,PG,1551326936,100,-10.62,150.67,82.37,10.78
yokadouma,80,CM,1551326358,94,3.52,15.05,69.14,2.62
nizhniy tsasuchey,8,RU,1551326703,35,50.52,115.13,33.5,8.21
laguna,0,MX,1551326360,49,27.52,-110.01,64.59,3.51
avera,1,US,1551326919,93,33.19,-82.53,57.99,3.74
olinda,0,EC,1551326706,83,-2.03,-79.75,80.6,6.93
talnakh,36,RU,1551326943,69,69.49,88.39,-16.46,9.66
coihaique,0,CL,1551322800,76,-45.58,-72.07,51.8,3.36
noyabrsk,0,RU,1551326942,32,63.2,75.45,-22.31,2.84
batemans bay,24,AU,1551326894,79,-35.71,150.18,89.01,5.01
coahuayana,0,MX,1551326840,61,18.62,-100.35,66.35,2.06
mahebourg,40,MU,1551326941,83,-20.41,57.7,82.0,9.17
azangaro,75,PE,1551322800,87,-14.91,-70.2,44.6,5.82
port macquarie,40,AU,1551326045,44,-31.43,152.91,81.0,12.75
kholmogory,90,RU,1551322800,92,64.23,41.65,21.2,11.18
saint-pierre,0,FR,1551326825,86,48.95,4.24,39.2,8.05
pedasi,8,PA,1551326955,87,7.53,-80.03,79.31,12.68
lompoc,90,US,1551326805,93,34.64,-120.46,55.99,5.82
aljezur,0,PT,1551326834,87,37.31,-8.8,53.01,13.47
butaritari,56,KI,1551326826,100,3.07,172.79,82.46,16.37
mahon,75,IE,1551326747,100,51.89,-8.4,48.2,9.17
gumdag,88,TM,1551326962,95,39.2,54.59,45.47,8.1
san patricio,0,PY,1551326387,62,-26.98,-56.83,67.34,5.75
rio grande,0,BR,1551326401,94,-32.03,-52.1,65.27,6.64
dingle,0,PH,1551326966,52,11.0,122.67,86.19,11.01
ayan,32,TR,1551326967,80,40.67,33.6,18.38,3.85
evensk,64,RU,1551326906,100,61.92,159.24,5.19,5.64
vostok,0,RU,1551326095,60,46.45,135.83,32.73,3.06
itarema,92,BR,1551326970,96,-2.92,-39.92,76.16,2.95
baruun-urt,0,MN,1551326296,42,46.68,113.28,32.42,4.74
chinsali,8,ZM,1551326973,90,-10.55,32.07,58.16,1.39
dahra,0,DZ,1551322800,75,36.25,0.85,42.8,2.24
kupang,40,ID,1551322800,63,-10.16,123.6,91.4,5.82
kodinar,0,IN,1551326977,32,20.79,70.7,62.34,9.44
acurenam,100,GA,1551326978,97,1.03,10.67,67.7,1.39
north bend,1,US,1551326718,93,43.41,-124.22,37.99,5.82
cherskiy,88,RU,1551326863,75,68.75,161.3,-0.39,6.87
george town,75,MY,1551324600,58,5.42,100.33,89.01,5.82
santiago del estero,24,AR,1551326869,79,-27.8,-64.26,69.63,3.29
itoman,20,JP,1551323280,73,26.12,127.67,75.2,9.17
zyryanka,68,RU,1551326985,55,65.73,150.89,-5.66,3.4
gat,0,SN,1551324600,13,14.69,-16.54,71.6,13.87
shar,80,NG,1551326987,86,7.3,8.73,76.97,8.66
yellowknife,75,CA,1551326573,70,62.45,-114.38,-0.01,11.41
lubuagan,0,PH,1551326993,43,17.35,121.18,79.31,1.95
garissa,8,KE,1551326994,78,-0.46,39.64,74.13,7.65
codrington,75,AU,1551326885,57,-28.95,153.24,82.4,14.99
iqaluit,75,CA,1551326570,76,63.75,-68.52,-4.01,25.28
isangel,80,VU,1551326953,100,-19.55,169.27,81.06,18.16
preobrazheniye,32,RU,1551326859,69,42.9,133.91,36.74,2.39
severo-kurilsk,68,RU,1551326428,100,50.68,156.12,26.84,20.85
tabuk,0,PH,1551327004,43,17.41,121.44,79.31,1.95
arkul,76,RU,1551327005,90,57.28,50.04,21.84,6.53
santa marta,75,CO,1551322800,61,11.24,-74.21,82.4,9.17
stromness,90,CA,1551327005,78,42.87,-79.55,19.0,3.36
duncanville,90,US,1551326767,86,32.65,-96.91,36.0,13.87
boshnyakovo,0,RU,1551327013,69,49.65,142.17,25.89,3.85
zhangye,0,CN,1551327015,72,38.94,100.46,30.62,3.62
inhambane,0,MZ,1551327016,100,-23.87,35.38,77.15,5.64
prado,92,BR,1551327018,96,-17.34,-39.22,83.31,17.6
luanda,75,AO,1551322800,94,-8.83,13.24,77.0,4.7
mogadishu,48,SO,1551327021,100,2.04,45.34,79.49,14.92
esso,44,RU,1551327023,74,55.93,158.7,6.95,3.06
shingu,75,JP,1551322800,93,33.72,135.99,53.6,11.41
harlingen,75,US,1551327004,94,26.19,-97.7,73.99,10.29
tazovskiy,76,RU,1551327028,68,67.47,78.7,-5.39,16.93
bambanglipuro,44,ID,1551327029,100,-7.95,110.28,81.06,4.18
ponta do sol,36,BR,1551327030,93,-20.63,-46.0,66.53,2.28
airai,76,TL,1551327031,71,-8.93,125.41,81.06,2.28
bethel,90,US,1551323940,90,60.79,-161.76,39.2,24.16
pitea,68,SE,1551326571,68,65.32,21.48,28.99,13.87
vernon,75,CA,1551326544,78,50.27,-119.27,21.0,2.24
faya,0,SA,1551322800,48,18.39,42.45,62.6,9.17
ribas do rio pardo,64,BR,1551327038,95,-20.45,-53.76,70.53,6.31
severomuysk,24,RU,1551327039,77,56.17,113.57,12.21,2.51
usinsk,68,RU,1551327040,82,66.0,57.56,5.06,11.68
faanui,56,PF,1551327041,100,-16.48,-151.75,83.63,10.22
caetite,44,BR,1551326838,90,-14.07,-42.48,68.42,2.84
athabasca,0,CA,1551327044,68,54.72,-113.29,12.26,11.56
rivne,0,UA,1551327038,81,50.62,26.25,39.99,15.99
manadhoo,68,MV,1551327046,100,5.77,73.38,81.06,4.41
shemonaikha,92,KZ,1551327047,89,50.63,81.92,28.68,5.3
sur,0,OM,1551327049,100,22.57,59.53,69.18,7.54
at-bashi,0,KG,1551327050,69,41.17,75.81,-4.4,2.17
vacaria,88,BR,1551327011,99,-28.51,-50.94,61.0,3.74
meadow lake,64,CA,1551327052,73,54.13,-108.44,14.46,7.43
tolaga bay,0,NZ,1551326887,55,-38.37,178.3,63.92,22.53
tuy hoa,0,VN,1551327059,78,13.08,109.3,80.21,3.85
bansi,92,IN,1551327060,100,27.18,82.93,57.08,5.53
bekhtery,0,UA,1551322800,86,46.25,32.3,30.2,4.47
cockburn town,88,TC,1551326882,99,21.46,-71.14,77.19,22.97
sandakan,75,MY,1551322800,58,5.84,118.12,86.0,10.29
gorontalo,76,ID,1551327065,65,0.54,123.06,81.92,3.29
liverpool,20,GB,1551326955,93,53.41,-2.98,39.99,3.36
zhigansk,48,RU,1551326829,73,66.77,123.37,-2.87,5.3
drakino,76,RU,1551327068,88,54.04,43.26,20.09,9.33
skibbereen,75,IE,1551326400,100,51.55,-9.27,48.2,9.17
zaozhuang,0,CN,1551327071,61,34.86,117.55,51.86,3.85
gao,44,ML,1551327072,43,16.28,-0.04,59.06,12.24
dubbo,76,AU,1551322800,28,-32.25,148.6,84.2,6.93
nago,0,IT,1551327066,93,45.88,10.89,46.99,5.82
cabo san lucas,75,MX,1551326734,64,22.89,-109.91,71.6,4.52
bilibino,48,RU,1551326909,70,68.06,166.44,-3.36,3.06
tasiilaq,80,GL,1551322200,89,65.61,-37.64,32.0,21.92
wadi maliz,56,TN,1551322800,87,36.47,8.55,51.8,11.41
arvika,0,SE,1551325800,74,59.65,12.59,36.0,6.93
najran,0,SA,1551322800,35,17.54,44.22,69.8,3.62
jaciara,92,BR,1551327084,97,-15.95,-54.98,70.08,0.72
la grande,90,US,1551326801,85,45.32,-118.09,35.6,3.36
keratea,40,GR,1551327037,65,37.81,23.98,46.0,5.82
kavaratti,0,IN,1551326842,100,10.57,72.64,83.13,13.02
ornskoldsvik,24,SE,1551325800,64,63.29,18.72,39.2,19.46
cirebon,8,ID,1551326801,100,-6.71,108.56,85.61,2.17
narasapur,24,IN,1551327091,92,16.45,81.67,82.37,8.32
adrar,0,DZ,1551322800,52,27.87,-0.29,41.0,8.05
fairbanks,1,US,1551326709,78,64.84,-147.72,21.0,2.73
margate,0,AU,1551327075,49,-43.03,147.26,75.99,9.17
kivertsi,32,UA,1551327038,81,50.83,25.46,39.99,15.99
krasnaya gora,75,RU,1551322800,86,53.01,31.6,33.8,13.42
madang,0,PG,1551327099,80,-5.21,145.81,84.93,3.06
magdalena,88,BO,1551327100,98,-13.26,-64.05,73.91,2.62
kissamos,75,GR,1551327060,100,35.49,23.66,50.0,14.99
broome,0,GB,1551327080,100,52.47,1.45,45.0,6.93
westport,56,IE,1551327007,94,53.8,-9.52,42.01,2.28
turayf,40,SA,1551322800,87,31.68,38.65,42.8,6.93
alofi,48,NU,1551326894,100,-19.06,-169.92,81.65,25.1
balkanabat,88,TM,1551327108,94,39.51,54.36,39.26,1.61
emirdag,32,TR,1551327109,85,39.02,31.15,24.36,7.54
talcahuano,0,CL,1551322800,87,-36.72,-73.12,59.0,2.24
mayumba,68,GA,1551327111,97,-3.44,10.65,79.71,4.29
sal rei,0,CV,1551322800,56,16.18,-22.92,68.0,16.11
saint george,20,GR,1551326647,92,39.45,22.34,41.0,3.85
jacksonville,90,US,1551327110,100,30.33,-81.66,64.0,2.95
moerai,24,PF,1551327122,99,-22.43,-151.33,81.47,8.43
santa isabel do rio negro,68,BR,1551327124,83,-0.41,-65.02,80.48,4.52
fort nelson,20,CA,1551322800,92,58.81,-122.69,23.0,2.24
souillac,0,FR,1551327025,93,45.6,-0.6,50.0,5.82
port lavaca,90,US,1551326934,94,28.61,-96.63,69.8,4.7
kamenka,92,RU,1551326869,91,53.19,44.05,21.48,8.88
makasar,40,ID,1551327076,70,-6.28,106.88,93.99,5.82
guilin,90,CN,1551322800,81,25.28,110.29,48.2,6.71
lang son,92,VN,1551326957,93,21.83,106.73,71.66,4.74
lavrentiya,92,RU,1551327136,94,65.58,-170.99,33.18,33.15
atar,0,MR,1551327137,25,20.52,-13.05,59.01,10.56
pestyaki,92,RU,1551327140,89,56.71,42.67,18.78,13.58
orlik,0,RU,1551327141,57,52.51,99.83,12.66,2.17
kloulklubed,75,PW,1551322200,74,7.04,134.26,84.2,10.29
amga,48,RU,1551327143,70,60.89,131.98,8.39,4.74
nouadhibou,0,MR,1551322800,36,20.93,-17.03,64.4,13.87
cochrane,24,CL,1551327146,83,-47.25,-72.57,43.13,2.51
boguchany,68,RU,1551327147,72,58.38,97.46,26.93,7.99
listvyanskiy,64,RU,1551327148,88,54.44,83.49,19.19,7.43
chuy,0,UY,1551327151,88,-33.69,-53.46,58.7,8.43
nakhon phanom,0,LA,1551322800,58,17.4,104.79,86.0,5.82
vestmannaeyjar,20,IS,1551327154,98,63.44,-20.27,38.31,15.03
opuwo,32,NA,1551327156,78,-18.06,13.84,63.56,1.39
port hedland,0,AU,1551322800,63,-20.31,118.58,93.2,13.87
te anau,56,NZ,1551326906,56,-45.41,167.72,53.34,3.62
egvekinot,88,RU,1551327160,89,66.32,-179.17,22.07,6.2
nabire,88,ID,1551327161,99,-3.36,135.5,71.84,1.05
kenora,90,CA,1551324900,84,49.76,-94.48,1.4,10.29
gombe,80,NG,1551327164,55,10.28,11.17,73.64,2.73
rocha,24,UY,1551327165,71,-34.48,-54.34,53.48,7.65
nanpiao,0,CN,1551327166,41,41.1,120.75,50.01,7.43
ribeira grande,20,PT,1551326942,91,38.52,-28.7,62.84,23.87
valdivia,8,CL,1551322800,93,-39.81,-73.25,48.2,3.36
paamiut,76,GL,1551327170,69,61.99,-49.67,38.9,11.9
sironj,0,IN,1551327122,82,24.1,77.69,55.28,5.75
marsa matruh,24,EG,1551327172,68,31.35,27.25,52.49,13.24
mungeli,0,IN,1551327174,56,22.07,81.69,66.8,5.64
dadri,20,IN,1551322800,93,28.55,77.56,51.8,9.22
paita,0,PE,1551327176,79,-5.09,-81.11,74.76,4.41
myitkyina,88,MM,1551327177,85,25.38,97.4,63.78,2.39
kulhudhuffushi,36,MV,1551327179,100,6.62,73.07,81.24,4.97
la ronge,90,CA,1551322800,65,55.1,-105.3,8.6,12.75
quthing,0,LS,1551327182,73,-30.4,27.7,44.39,2.39
carballo,0,ES,1551327150,93,43.21,-8.69,53.01,6.93
vila velha,75,BR,1551326302,78,-3.71,-38.6,81.0,0.72
khatanga,56,RU,1551327186,65,71.98,102.47,-9.17,7.2
hella,20,IS,1551326442,83,63.84,-20.4,35.01,8.01
boa vista,0,BR,1551322800,51,2.82,-60.67,82.4,8.05
thinadhoo,8,MV,1551327190,100,0.53,72.93,82.68,7.09
praia da vitoria,40,PT,1551326472,88,38.73,-27.07,62.6,23.53
padang,8,ID,1551327055,100,-0.92,100.36,80.79,3.29
uwajima,40,JP,1551322800,87,33.22,132.57,51.8,16.11
rio gallegos,90,AR,1551322800,87,-51.62,-69.22,50.0,13.87
marsh harbour,80,BS,1551327198,100,26.54,-77.06,71.75,13.91
yuxia,36,CN,1551322800,65,34.06,108.63,46.4,4.47
newcastle,0,ZA,1551326999,70,-27.76,29.92,50.33,2.62
saint-francois,0,FR,1551326449,100,46.42,3.91,30.0,2.39
boende,92,CD,1551327207,97,-0.28,20.88,72.83,1.61
aripuana,56,BR,1551327208,95,-9.17,-60.63,74.36,1.95
novouzensk,80,RU,1551327209,92,50.46,48.14,23.73,8.21
metkovic,0,HR,1551326400,64,43.05,17.65,37.4,6.93
puerto varas,0,CL,1551322800,93,-41.32,-72.98,50.0,3.36
jumla,36,NP,1551327213,73,29.28,82.18,17.57,1.95
centralia,1,US,1551327300,73,39.21,-92.14,28.99,10.29
okhotsk,64,RU,1551327215,100,59.36,143.24,9.06,4.97
zaragoza,0,ES,1551327015,62,41.65,-0.88,54.0,25.28
ballina,68,IE,1551327184,99,54.11,-9.15,42.01,4.07
cap malheureux,40,MU,1551326941,83,-19.98,57.61,82.0,9.17
hamilton,90,CA,1551327033,84,43.26,-79.87,19.0,4.7
bambous virieux,40,MU,1551326941,83,-20.34,57.76,82.0,9.17
torrington,90,US,1551327131,79,42.06,-104.18,32.0,20.8
maniitsoq,44,GL,1551327224,69,65.42,-52.9,23.78,15.03
seoul,75,KR,1551324000,34,37.57,126.98,51.8,2.24
shiyan,8,CN,1551326996,55,32.65,110.78,54.0,4.0
taltal,0,CL,1551326993,93,-25.41,-70.49,56.63,2.39
abeche,0,TD,1551327229,29,13.83,20.83,75.93,11.01
grand gaube,40,MU,1551326941,83,-20.01,57.66,82.0,9.17
malanje,88,AO,1551327231,98,-9.54,16.35,66.71,3.18
pimentel,92,BR,1551327233,98,-3.7,-45.5,72.69,2.95
vardo,90,US,1551327214,74,39.62,-77.74,37.4,3.62
saucillo,48,MX,1551326984,28,28.03,-105.29,64.1,9.66
tura,92,IN,1551326992,97,25.52,90.21,59.78,3.74
sao filipe,0,CV,1551327237,92,14.9,-24.5,70.89,17.72
turukhansk,20,RU,1551327239,82,65.8,87.96,-13.85,3.74
zlobin,0,HR,1551327124,87,45.29,14.65,44.6,6.93
port keats,0,AU,1551327241,96,-14.25,129.55,88.58,5.97
bowen,75,AU,1551327047,65,-20.01,148.25,84.0,24.16
ipanema,0,BR,1551327200,77,-30.14,-51.22,66.2,2.24
lata,0,IN,1551327245,85,30.78,78.62,29.49,2.17
puri,20,ID,1551322800,66,-7.54,112.45,89.6,6.93
sisimiut,0,GL,1551327224,56,66.94,-53.67,-1.97,5.41
mianwali,0,PK,1551327248,79,32.57,71.58,42.32,2.73
arkadak,92,RU,1551327250,94,51.94,43.49,23.6,8.55
fukue,75,JP,1551327245,93,35.03,136.69,54.0,18.34
tautira,75,PF,1551327190,70,-17.73,-149.15,86.0,3.36
half moon bay,90,US,1551327091,81,37.46,-122.43,54.0,4.7
huilong,92,CN,1551327256,96,28.89,110.18,40.88,3.4
miles city,90,US,1551327190,71,46.41,-105.84,8.6,5.82
ambulu,24,ID,1551327258,100,-8.35,113.61,81.33,3.96
quebrangulo,12,BR,1551327259,91,-9.32,-36.47,70.85,7.43
northam,44,GB,1551327130,93,51.04,-4.21,50.0,6.93
bereda,0,ES,1551327239,93,43.27,-7.54,48.0,6.93
hay river,20,CA,1551322800,65,60.82,-115.79,6.8,6.93
valparaiso,90,US,1551327035,67,41.47,-87.06,26.01,11.41
neiafu,75,TO,1551322800,83,-18.65,-173.98,84.2,13.87
gararu,0,BR,1551327270,89,-9.97,-37.08,73.91,7.54
mount isa,0,AU,1551322800,33,-20.73,139.49,91.4,11.41
poum,0,MK,1551327272,74,41.28,20.71,14.28,1.16
along,92,IN,1551327274,95,28.17,94.8,50.33,1.72
thayetmyo,8,MM,1551327276,52,19.32,95.18,82.01,4.85
hovd,90,NO,1551327260,86,63.83,10.7,39.0,34.45
jalu,0,LY,1551327278,90,29.03,21.55,45.65,8.43
vohibinany,92,MG,1551327280,98,-17.35,49.03,70.67,1.83
mollendo,32,PE,1551327281,85,-17.03,-72.02,61.26,2.73
port-gentil,88,GA,1551327172,100,-0.72,8.78,77.06,4.07
seidu,12,NG,1551327284,93,8.32,4.47,71.3,6.64
casian,0,RO,1551327022,87,44.5,28.48,36.0,10.29
malpe,0,IN,1551324600,65,13.35,74.72,78.8,5.82
pangai,20,TO,1551326400,84,-19.8,-174.35,86.0,12.75
arvin,90,US,1551327231,82,35.21,-118.83,57.2,6.93
meulaboh,36,ID,1551327293,100,4.14,96.13,82.37,2.95
teguise,0,ES,1551324600,82,29.06,-13.56,60.8,8.05
nyurba,76,RU,1551327295,70,63.29,118.35,16.26,6.2
nauta,24,PE,1551327296,88,-4.51,-73.58,77.6,2.73
fortuna,0,ES,1551327276,81,38.18,-1.13,48.0,8.05
touros,20,BR,1551322800,94,-5.2,-35.46,77.0,3.36
manono,48,CD,1551327300,95,-7.3,27.4,71.03,2.62
abyek,20,IR,1551326400,65,36.04,50.53,41.0,6.93
bogande,64,BF,1551327303,22,12.97,-0.14,60.05,9.66
raymondville,90,US,1551327241,86,37.34,-91.83,35.6,8.05
nacala,36,MZ,1551327305,100,-14.56,40.69,79.98,2.73
tuatapere,76,NZ,1551327005,69,-46.13,167.69,55.99,10.0
kalmunai,12,LK,1551327308,95,7.42,81.82,79.08,4.07
matamoros,75,US,1551327210,100,25.87,-97.51,71.6,9.17
loandjili,92,CG,1551327312,95,-4.77,11.87,79.26,3.29
ewa beach,1,US,1551327192,56,21.32,-158.01,73.4,14.99
manta,0,RO,1551327017,63,45.1,24.1,32.0,1.99
show low,1,US,1551327235,56,34.25,-110.03,50.0,6.93
flinders,75,AU,1551327245,58,-34.58,150.85,86.0,12.75
ancud,0,CL,1551322800,87,-41.87,-73.83,51.8,6.93
grand haven,90,US,1551327287,68,43.06,-86.23,25.0,9.17
tavda,32,RU,1551327324,44,58.04,65.27,-0.98,6.98
haines junction,0,CA,1551327325,71,60.75,-137.51,6.18,1.16
kendari,92,ID,1551327326,85,-3.99,122.52,81.74,3.62
shetpe,88,KZ,1551327327,94,44.14,52.16,29.0,2.95
qinzhou,76,CN,1551327329,95,21.96,108.62,71.3,5.08
coihueco,12,CL,1551326770,71,-36.63,-71.83,57.2,2.24
yantzaza,68,EC,1551327331,73,-3.83,-78.76,66.03,2.51
tolga,0,DZ,1551322800,52,34.73,5.38,44.6,5.82
beisfjord,36,NO,1551326536,86,68.38,17.6,30.99,24.16
wanning,0,AT,1551327320,71,48.64,13.53,37.99,6.93
palmer,1,US,1551327319,62,61.6,-149.11,24.01,1.39
syedove,64,UA,1551327340,92,47.08,38.16,26.75,3.29
mikhaylov,76,RU,1551327241,69,54.23,39.03,26.01,5.99
roald,92,NO,1551327337,80,62.58,6.12,39.2,10.29
nyazepetrovsk,80,RU,1551327346,85,56.06,59.6,15.54,7.43
aksu,90,KZ,1551322800,92,52.04,76.93,14.0,2.24
taclobo,36,PH,1551327349,96,12.31,122.59,78.86,11.01
beringovskiy,12,RU,1551327350,91,63.05,179.32,27.11,4.85
zeya,64,RU,1551327351,57,53.74,127.27,21.62,2.95
khash,0,IR,1551327353,58,28.22,61.21,49.07,15.7
niteroi,0,BR,1551327318,93,-29.95,-51.16,66.2,2.24
basco,1,US,1551327338,72,40.33,-91.2,19.0,8.05
tezu,92,IN,1551327356,100,27.93,96.16,47.76,1.16
vila,0,IT,1551327358,64,45.18,8.4,51.01,6.93
longyan,44,CN,1551327359,85,25.1,117.03,65.54,1.95
iguape,92,BR,1551327360,100,-24.7,-47.56,72.96,11.45
omboue,88,GA,1551327361,100,-1.57,9.26,80.48,0.16
ondjiva,88,AO,1551327363,74,-17.07,15.73,71.03,6.53
aleysk,76,RU,1551327364,82,52.5,82.77,17.21,3.06
monte carmelo,56,BR,1551327365,95,-18.73,-47.5,66.98,2.73
sayyan,0,YE,1551327366,80,15.17,44.32,41.19,1.5
farah,44,AF,1551327368,72,32.37,62.11,46.37,5.08
kyabe,100,TD,1551327370,50,9.45,18.94,80.12,2.73
altay,0,CN,1551327371,75,47.83,88.13,10.28,2.39
bonthe,32,SL,1551327372,84,7.53,-12.5,79.13,4.97
pedernales,76,EC,1551327374,92,0.07,-80.05,73.73,3.29
gondanglegi,20,ID,1551327375,86,-7.75,112.01,82.68,3.62
acapulco,20,MX,1551325380,83,16.86,-99.88,78.8,6.76
anahuac,90,US,1551327374,94,29.77,-94.68,68.0,4.97
shimanovsk,36,RU,1551327379,53,52.0,127.67,27.29,3.62
yining,92,CN,1551327380,100,29.04,114.56,44.21,2.73
praya,75,ID,1551324600,66,-8.71,116.27,89.6,3.36
emerald,8,AU,1551327123,33,-23.53,148.16,89.01,11.41
patacamaya,92,BO,1551327385,100,-17.23,-67.92,43.04,4.29
bandarbeyla,0,SO,1551327386,100,9.49,50.81,74.36,3.18
payakumbuh,88,ID,1551327387,95,-0.23,100.63,75.08,1.5
lianran,24,CN,1551327383,66,24.92,102.47,63.0,9.66
naze,88,NG,1551327389,97,5.43,7.07,71.61,3.74
orsha,68,BY,1551327391,97,54.51,30.43,32.6,10.0
big rapids,90,US,1551327325,79,43.7,-85.48,21.2,3.96
rosa zarate,68,EC,1551327393,97,0.33,-79.47,72.69,2.84
takahashi,75,JP,1551327295,100,34.82,133.52,52.0,2.24
okahandja,0,NA,1551322800,60,-21.98,16.91,71.6,4.7
jinchang,20,CN,1551327398,72,38.52,102.19,23.06,3.06
berwick,90,US,1551327364,68,41.06,-76.25,34.0,5.82
bubaque,0,GW,1551327400,94,11.28,-15.83,77.91,21.07
srednekolymsk,68,RU,1551327402,63,67.46,153.71,-8.31,4.97
ozernovskiy,76,RU,1551327403,83,51.5,156.52,23.64,19.62
luangwa,8,MZ,1551327404,84,-15.62,30.4,73.59,2.84
narsaq,36,GL,1551325800,41,60.91,-46.05,42.8,33.33
ndioum,0,SN,1551327409,20,16.51,-14.65,58.83,11.56
isla mujeres,20,MX,1551327189,78,21.23,-86.73,77.0,6.93
santa cruz,90,US,1551327230,87,36.97,-122.03,55.99,4.7
lazaro cardenas,75,MX,1551325200,29,28.39,-105.62,66.2,8.05
taldan,20,RU,1551327414,62,53.69,124.82,24.5,3.62
tumut,36,AU,1551327217,62,-35.3,148.22,77.19,1.61
dalhousie,0,IN,1551327417,65,32.54,75.98,31.29,2.17
swakopmund,0,NA,1551326529,82,-22.68,14.53,63.0,8.05
taylorville,1,US,1551327399,73,39.55,-89.29,26.6,10.29
lixourion,0,GR,1551326515,50,38.2,20.43,48.0,7.65
alice springs,0,AU,1551322800,11,-23.7,133.88,96.8,13.87
mgachi,0,RU,1551327423,90,51.05,142.27,26.84,5.19
nizhniy kuranakh,64,RU,1551327424,63,58.84,125.49,13.97,6.98
west monroe,90,US,1551327317,93,32.52,-92.15,64.4,3.51
saint-augustin,0,FR,1551327308,93,44.83,-0.61,50.0,6.93
puta,75,AZ,1551324600,87,40.3,49.66,42.8,9.17
kapiri mposhi,8,ZM,1551327429,86,-13.97,28.68,62.48,5.3
havre,75,US,1551327369,65,48.55,-109.68,9.0,20.8
alakurtti,64,RU,1551327145,86,66.96,30.34,16.0,8.01
pudozh,64,RU,1551327433,95,61.81,36.54,27.38,4.63
san quintin,0,PH,1551327436,49,17.54,120.52,82.64,3.51
kamaishi,75,JP,1551326400,60,39.28,141.86,42.8,1.12
terrell,90,US,1551327424,100,32.74,-96.28,39.99,14.99
zdvinsk,68,RU,1551327439,87,54.7,78.67,16.04,6.76
